Genre_List,Average_Rating,Book_Count,Total_Reviews
20th Century Historical Romance,4.55,2,1803.0
Absurdist Fiction,4.8,1,5.0
Abusive Relationships,4.8,1,12.0
Acting & Auditioning,4.6,2,651.0
Action & Adventure (Books),4.5,3,4586.0
Action & Adventure Anthologies & Short Stories,4.6,1,132.0
Action & Adventure Fantasy,4.571428571428571,7,13443.0
Action & Adventure Fantasy for Children,4.7,8,19220.0
Action & Adventure Fantasy for Teens,4.6,2,2889.0
Action & Adventure Fiction,4.375,4,15022.0
Action & Adventure Fiction for Teens,4.6,1,3712.0
Action & Adventure Mysteries for Children,4.6000000000000005,4,611.0
Action & Adventure Sci-Fi for Teens,,1,0.0
Action & Adventure for Children,4.666666666666667,3,6972.0
Action Thriller Fiction,4.4399999999999995,5,3567.0
Active & Outdoor,4.0,1,9.0
Addiction & Recovery,4.4,1,369.0
Adolescent Psychology,4.6,1,497.0
Adult & Continuing Education,4.0,1,7.0
Adult Collections & Anthologies,3.433333333333333,9,87.0
Adventure Science Fiction,4.64,10,67483.0
Adventure Travel,4.1,2,112.0
Adventurers & Explorers for Children,4.8,1,851.0
"Adventurers, Explorers & Survival Biographies",4.333333333333333,3,3500.0
Advertising,4.55,2,411.0
African American Demographic Studies,4.6000000000000005,3,5040.0
African American History,4.5,3,1599.0
African American Literature,4.511111111111111,9,20279.0
Ageing Health,4.6000000000000005,6,3713.0
Agnosticism,4.5,3,1925.0
Agnosticism (Books),4.5,1,15.0
Alphabet Reference,3.8,1,16.0
Alternate History Science Fiction,4.366666666666667,3,6359.0
Alternative & Complementary Medicine,4.663636363636363,12,11028.0
Amateur Sleuth Mysteries,4.5,5,12449.0
Analysis & Strategy,4.453982300884956,121,87038.0
Anatomy & Physiology,4.533333333333333,3,2840.0
Ancient & Classical Literature Collections,4.25,3,1333.0
Ancient & Classical Roman History,4.2,2,2042.0
Ancient Historical Fiction for Children,4.7,2,318.0
Ancient History,4.58,6,2887.0
Ancient History (Books),4.666666666666667,5,217.0
"Ancient, Classical & Medieval Poetry",4.45,2,284.0
Angels & Spirit Guides,4.566666666666666,4,465.0
Anger Management,4.4,1,354.0
Animal Action & Adventure for Children,4.36,5,2526.0
Animal Fiction,4.65,2,4885.0
Animal Fiction for Children,4.51,13,7294.0
Animals,4.65,5,3304.0
Animals for Children,4.8,6,118.0
Anthologies & Short Stories for Children,4.5,2,142.0
Anthologies (Books),4.266666666666667,16,12214.0
Anthropology,4.483333333333333,6,30786.0
Anthropology (Books),4.449999999999999,2,20236.0
Anxiety Disorders,4.5125,8,2354.0
Apes & Monkeys Fiction for Children,3.65,2,20.0
Archaeology,4.7,1,1423.0
Architecture,4.449999999999999,2,1939.0
Art,4.6,3,1284.0
Art History & Criticism,4.8,1,6.0
Art Instruction & Technique,4.6,1,1791.0
Art for Teens,4.449999999999999,2,1498.0
Art of Storytelling,4.55,2,593.0
Asia Politics & Government,4.199999999999999,2,128.0
Asia Travel & Tourism,4.333333333333333,3,328.0
Asian History,4.46,5,1716.0
Asian History (Books),4.4125,8,1210.0
Asian History for Children,4.4,1,291.0
Asian Literature,4.328571428571428,9,657.0
Astrology,4.6,1,32.0
Astrology (Books),4.6,1,32.0
Astronomy,4.427272727272728,12,17495.0
Astronomy (Books),4.3,7,11803.0
Atheism,4.6000000000000005,3,7157.0
Atheism (Books),4.7,1,2797.0
Atmospheric Sciences,4.5,1,969.0
Attention Deficit Disorders,4.4,1,300.0
Audiobook Beginner Readers for Children,4.8,1,74.0
Audiobooks on Bedtime & Dreaming for Children,2.5,2,2.0
Audiobooks on Diseases for Children,4.5,1,624.0
Audiobooks on Family Life for Children,4.666666666666667,3,15784.0
Audiobooks on Flowers & Trees for Children,5.0,1,1.0
Audiobooks on Health for Children,4.5,1,243.0
Audiobooks on Law & Crime for Children,4.5,1,38.0
Audiobooks on Siblings for Teens,4.4,1,2655.0
Authorship,4.6,1,515.0
Automation & Robotics,4.3999999999999995,3,920.0
BDSM Erotica,,1,0.0
Banks & Banking,4.39,10,2395.0
Banks & Banking (Books),4.425,4,483.0
Baseball (Books),4.6000000000000005,3,2004.0
Bears Fiction for Children,4.7,1,900.0
Bible Study Guides,4.6,1,117.0
Bibles,4.4,1,994.0
Biblical Fiction,4.8,1,317.0
Biographical Fiction,4.3,1,861.0
Biographies & Autobiographies (Books),4.415094339622642,59,66311.0
Biographies & Memoirs,4.427272727272728,28,35129.0
Biographies of Activists,4.5,5,11082.0
Biographies of Actors,4.15,2,242.0
"Biographies of Artists, Architects & Photographers",,1,0.0
Biographies of Authors,4.36,11,3806.0
Biographies of Business Leaders,4.457692307692308,27,25409.0
Biographies of Celebrities & Entertainment Professionals,4.384615384615385,13,9271.0
Biographies of Comedians,4.7,2,2290.0
Biographies of Composers & Musicians,4.2,1,7.0
Biographies of Politicians,4.4818181818181815,11,15720.0
Biographies of Presidents & Heads of State,4.5,5,1856.0
Biographies of Religious Figures,4.433333333333334,3,702.0
Biographies of Royalty,3.9,3,134.0
Biographies of Science & Technology Leaders,4.4818181818181815,11,14008.0
"Biographies, Diaries & True Accounts",4.1,1,63.0
Biological & Chemical Warfare,4.6,1,202.0
Biological Sciences,4.553333333333333,16,7660.0
Biology,4.5181818181818185,11,8787.0
Biology Books,4.578571428571428,15,10238.0
Biotechnology,4.55,2,1775.0
Bodybuilding & Weightlifting,4.8,2,5732.0
Botany & Plants,4.766666666666667,3,2096.0
Brain & Nervous System Diseases,4.5,1,722.0
Buddhism,4.642857142857143,7,1906.0
Buddhism (Books),4.516666666666667,12,2975.0
Buddhist Philosophy & Practice,4.627272727272727,11,4639.0
Buddhist Sacred Writings,4.566666666666666,3,209.0
Budgeting,4.65,2,526.0
Bugs & Spiders Fiction for Children,4.6,1,1572.0
Business & Careers,4.2444444444444445,9,8107.0
Business & Economics,4.476470588235294,19,7351.0
Business Careers,4.453846153846153,43,28393.0
Business Communication,4.435294117647059,18,6679.0
Business Consulting,4.633333333333333,3,366.0
Business Decision Making & Problem Solving,4.439130434782609,23,19192.0
Business Development,4.5875,16,6060.0
Business Ethics,4.5,3,1507.0
Business Etiquette,4.4,2,720.0
Business Management,4.473809523809524,46,32660.0
Business Motivation & Self-Improvement,4.515277777777778,36,58232.0
Business Sales,4.545833333333333,26,13375.0
Business Writing,4.475,4,2389.0
Buying & Selling Homes,4.7,1,243.0
C Programming Language,3.6,1,22.0
Canada Travel & Tourism,,1,0.0
Cancer,4.6,1,11526.0
Capitalism,4.5,1,706.0
Caribbean & Latin American Literature,4.566666666666666,4,2664.0
Catholicism,4.9,1,371.0
Celebrity Chefs & Restaurants,4.0,1,5.0
Central Asian History,4.6,2,580.0
Chakras,5.0,1,17.0
Child Psychology,4.62,5,1835.0
Children's Action & Adventure,4.7,7,17928.0
Children's Comics & Graphic Novels,4.6000000000000005,3,1332.0
"Children's Crafts, Hobbies & Practical Interests (Books)",,1,0.0
Children's Crime & Thriller (Books),4.6,1,89.0
"Children's Family, Personal & Social Issues (Books)",4.266666666666667,3,2494.0
Children's Fantasy (Books),4.66,16,34641.0
Children's Health,4.6,1,1330.0
Children's History (Books),4.65,2,778.0
Children's Horror & Ghost Stories (Books),4.55,2,4855.0
Children's Humour (Books),4.6,1,468.0
Children's Literature & Fiction (Books),4.666666666666667,26,44827.0
Children's Mysteries & Curiosities (Books),4.6,1,2456.0
Children's Picture Books (Books),4.9,1,487.0
Children's Reference (Books),3.4000000000000004,2,298.0
Children's Religion (Books),4.6,2,612.0
Children's Science Fiction (Books),4.533333333333334,3,21042.0
"Children's Science, Nature & Technology (Books)",4.95,2,488.0
Children's Sport (Books),4.7,1,1147.0
Children's Studies Social Science,4.2,1,41.0
Children's Traditional Stories (Books),4.081818181818182,14,4110.0
Chinese History,4.3,1,49.0
Christian Apologetics,4.733333333333333,3,1130.0
Christian Classic & Allegorical Fiction,4.7,1,3871.0
Christian Death & Grief,4.7,3,1055.0
Christian Discipleship,4.766666666666667,3,1096.0
Christian Evangelism,4.9,1,736.0
Christian Family,4.5,1,30.0
Christian Marriage & Relationships,4.75,2,16394.0
Christian Ministry & Evangelism,4.9,3,652.0
Christian Romance,4.6,1,16.0
Christian Sermons,4.8,1,508.0
Christian Spiritual Growth,4.742857142857143,7,1713.0
Christian Theology,4.75,2,588.0
Christian Thriller & Suspense,4.633333333333333,3,364.0
Christianity,4.75,2,3434.0
Christianity (Books),4.4653846153846155,28,17066.0
Christmas Fiction for Children,4.5,1,142.0
Christology,4.800000000000001,2,701.0
Church & State,4.575,4,2377.0
Cinema & Broadcast (Books),4.45,7,3643.0
City Life Fiction,4.449999999999999,2,1877.0
Civil Rights & Liberties,4.6000000000000005,3,3247.0
Classic Action & Adventure,4.5,2,3014.0
Classic Fiction (Books),4.326744186046512,51,55732.0
Classic Literature,4.33445945945946,84,128196.0
Cleaning & Organising,4.5,3,22487.0
Cleansing & Detox Diets,4.550000000000001,2,3161.0
Climate Change,4.75,4,2041.0
Climbing & Mountaineering (Books),4.4,1,215.0
Coaching,4.6,2,601.0
Codependency,4.55,2,607.0
Cognitive Behavioural Psychology,4.633333333333333,3,2653.0
Cold War,4.4,1,76.0
College & University Test Preparation,4.5,1,198.0
Colonialism & Post-Colonialism,4.68,5,2478.0
Comedy,4.6,2,591.0
Coming of Age Fiction,4.423076923076923,13,27728.0
Commerce,4.2,5,3118.0
Commercial Real Estate,4.7,1,243.0
Communication & Social Skills,4.25,15,28511.0
Communism & Socialism,3.9,3,3421.0
Comparative Political Science,4.6,1,324.0
Comparative Religion,4.5,1,119.0
Compulsive Disorders,4.433333333333334,3,1246.0
Computer Programming Language & Tool,4.4,1,30.0
Computer Programming Languages,4.0,2,52.0
Computer Science,4.433333333333334,3,1612.0
Computer Science Books,4.444444444444445,9,1178.0
Computer Security,5.0,1,2.0
Computer Security & Encryption,4.6,1,946.0
Computers & Internet,4.4,2,227.0
Conflict Management,4.8,1,45.0
Conflict Resolution,4.45,2,498.0
Consciousness & Thought,4.57,10,8988.0
Conservatism & Liberalism,4.6,1,2186.0
Conspiracy Thrillers,4.3,1,1038.0
Constitutions,,1,0.0
Consumer Behaviour,4.4714285714285715,7,7505.0
Contagious Diseases,4.55,3,3017.0
Contemporary Fantasy,4.4875,8,37534.0
Contemporary Fantasy for Teens,4.4,1,12.0
Contemporary Fiction,4.213636363636364,24,7656.0
Contemporary Fiction (Books),4.333333333333333,58,94349.0
Contemporary Romance,4.380434782608695,47,103050.0
Contemporary Romance for Teens,4.6,2,45958.0
Cooking,4.65,2,6027.0
Cooking & Food for Children,,1,0.0
Corporate Finance,4.46,10,2470.0
Cosmology,4.586666666666667,15,15651.0
Cosy Mysteries,4.1,2,23.0
Counselling & Psychotherapy,4.6000000000000005,3,1943.0
Creativity,4.577777777777778,9,8320.0
Creativity & Genius,4.38,6,3345.0
Cricket,4.1000000000000005,3,483.0
Cricket (Books),4.5,2,476.0
Crime Action Fiction,4.5,1,5424.0
Crime Fiction,4.433333333333334,6,24817.0
Crime Fiction for Teens,4.6,1,2800.0
Crime Thrillers,4.420833333333333,24,134024.0
"Crime, Thriller & Mystery (Books)",4.321666666666667,63,213924.0
Criminology,4.333333333333333,3,423.0
Crop Science,4.4,1,2796.0
Cryptography,3.6,1,22.0
Culinary Biographies,4.0,1,5.0
"Cultural, Ethnic & Regional Biographies",4.6,1,5131.0
Customer Service,4.616666666666666,6,1403.0
Cybernetics,4.4,1,159.0
Cyberpunk Science Fiction,4.6,2,18061.0
Cycling,5.0,1,6.0
Dark Fantasy,4.466666666666666,3,663.0
Dark Humour Literature & Fiction,4.333333333333333,3,4564.0
Data Science,4.4,5,897.0
Databases & Big Data,4.366666666666667,3,967.0
Democracy,4.366666666666666,6,2439.0
Depression,4.6,3,2011.0
Design & Fashion (Books),4.733333333333333,4,1970.0
Developmental Psychology,4.433333333333334,3,4625.0
Diabetes,4.65,2,4166.0
Diabetes Diets,4.6,1,1095.0
Diaries & Journals,4.0,1,13.0
"Diets, Nutrition & Healthy Eating",4.618181818181818,13,11438.0
Divination,4.2,1,2547.0
Divorce,4.4,1,243.0
Dogs & Dog Care,4.566666666666666,3,3022.0
Dogs Fiction for Children,4.8,1,508.0
Domestic Thrillers,4.449999999999999,2,2546.0
Dragon & Mythical Creatures Fantasy,4.5,2,7621.0
Dragons & Mythical Creatures Fantasy for Children,4.8,2,8619.0
Drama & Plays,4.033333333333333,4,64.0
Dramatisations,4.8,3,1198.0
Dysfunctional Family Relationships,4.8,2,1535.0
Dystopian Fiction for Teens,4.55,3,25245.0
Dystopian Science Fiction,4.478571428571429,7,53622.0
E-Commerce,4.526666666666667,15,7539.0
ESP,,1,0.0
Early Learning Audiobooks for Children,4.7,1,64.0
Earth Sciences,4.8,2,380.0
Earth Sciences Books,4.377272727272727,26,18546.0
Eastern Philosophy,4.607142857142857,14,16350.0
Eating Disorders,4.6,1,1384.0
Ecology,4.466666666666667,3,491.0
Econometrics & Statistics,4.433333333333334,3,3102.0
Economic Conditions,4.525,4,1939.0
Economic Conditions (Books),4.75,2,959.0
Economic History,4.453846153846154,13,5306.0
Economic History (Books),4.6,2,82.0
Economic Public Policy,4.4,4,1677.0
Economic Theory,4.54,10,4874.0
Economics,4.320588235294117,20,28805.0
Economics Books,4.385,13,28783.0
Education,4.611111111111111,9,5398.0
Education (Books),4.5625,10,1487.0
Education Parent Participation,4.5,1,230.0
Educational Psychology,4.6,1,925.0
Elections & Political Process,4.4,2,158.0
Emigration & Immigration Studies,4.8,1,3504.0
Emotions,4.525,4,2232.0
Encyclopaedias & Reference Works (Books),4.5,1,281.0
Engineering & Technology (Books),4.75,2,6503.0
English History,4.5,3,723.0
English Language Learning,4.083333333333333,13,995.0
"English, Irish, Scottish & Welsh Literature",4.275,5,2964.0
Entertainment & Performing Arts Business Aspects,4.7,1,174.0
Entrepreneurship,4.495121951219512,41,29917.0
Environment (Books),4.6,1,1804.0
Environmental Conservation,4.533333333333333,3,786.0
Environmental Economics,4.5,1,1276.0
Environmental Public Policy,4.55,2,1550.0
Environmentalists & Naturalists Biographies,4.6,1,1804.0
Epic Fantasy,4.535714285714286,14,34935.0
Epic Fantasy for Teens,4.6,1,2456.0
Epic Poetry,4.45,2,284.0
Epistemology,4.6,1,529.0
Epistolary Fiction,4.4,1,1558.0
Erotic Fiction,4.0,8,1316.0
Erotic Romance,4.279999999999999,5,10862.0
Espionage Thrillers,4.285714285714286,7,9369.0
Essays (Books),4.4399999999999995,10,6054.0
Ethics & Morality Philosophy,4.5375,8,12160.0
Etiquette Guides,4.0,1,146.0
European History,4.6,3,921.0
European History (Books),4.65,3,2894.0
Evolution,4.5,6,7520.0
Evolutionary Psychology,4.7,1,1547.0
Exercise & Fitness,4.5,7,5267.0
Expeditions & Discoveries,4.7,1,424.0
Expeditions & Discoveries (Books),4.7,1,424.0
Exploring Asia Fiction for Children,4.7,2,441.0
Exploring United States Nonfiction for Children,4.5,1,38.0
Exploring the World for Children,4.5,1,24.0
Extreme Sports,4.4,1,551.0
Fairy Tale Adaptations for Children,4.9,1,169.0
Fairy Tale Collections & Anthologies for Children,4.6,5,3712.0
Fairy Tale Fantasy,4.5,16,10740.0
Fairy Tales for Teens,4.3,1,71.0
"Fairy Tales, Folk Tales & Myths for Children",4.164285714285714,16,10830.0
Family & Relationships,4.576923076923077,28,42152.0
Family Life Fiction,4.378260869565217,23,80211.0
Family Life Fiction for Children,4.67,10,50179.0
Fantasy,4.58,5,12894.0
Fantasy & Magic for Children,4.626666666666667,16,40065.0
Fantasy (Books),4.519230769230769,27,60660.0
Fantasy Dramatisations,4.733333333333333,3,1707.0
"Fantasy Movie, TV & Video Game Tie-Ins",4.4,1,10368.0
Fantasy Romance,4.619999999999999,5,27030.0
Fantasy Romance for Teens,4.6,1,33.0
Fantasy for Teens,4.45,2,6255.0
Farm Animals Fiction for Children,4.6,1,1572.0
Fascism,4.266666666666667,6,1911.0
Fatherhood,4.266666666666667,3,1802.0
Fiction Chapter Books for Children,,1,0.0
Fiction Classics for Children,4.678571428571429,22,18827.0
Fiction Sagas,4.35625,16,46097.0
Fiction Short Stories,4.3307692307692305,26,6548.0
Fiction on Adoption for Children,4.7,1,2250.0
Fiction on Boys for Children,4.6,3,6368.0
Fiction on Bullying for Children,4.7,1,2250.0
Fiction on Dating & Sex for Teens,4.566666666666666,3,11723.0
Fiction on Death & Dying for Teens,4.45,2,50981.0
Fiction on Depression for Teens,4.7,1,2841.0
Fiction on Family for Teens,4.4,1,2655.0
Fiction on Friendship for Children,4.725,4,26263.0
Fiction on Friendship for Teens,4.475,4,17005.0
Fiction on Girls for Children,4.575,4,3072.0
Fiction on Illness & Health Problems for Teens,4.5,1,43869.0
Fiction on Loners & Outcasts for Teens,4.4,1,2655.0
Fiction on Mental Illness for Teens,4.550000000000001,2,6391.0
Fiction on Orphans & Foster Homes for Children,4.7,4,18282.0
Fiction on Parents for Children,4.566666666666666,3,3339.0
Fiction on Racism & Discrimination for Children,4.6,1,84.0
Fiction on Racism & Discrimination for Teens,4.6,1,16.0
Fiction on Runaways for Teens,4.3,1,6193.0
Fiction on Siblings for Children,4.66,5,7570.0
Fiction on Suicide for Teens,4.7,1,2841.0
Fiction on Violence for Children,4.7,1,441.0
Film & TV,4.2,2,1285.0
Film Direction & Production,4.4,1,76.0
Film History & Criticism,4.7,1,644.0
First Contact Science Fiction,4.366666666666666,3,6960.0
Fitness Stretching,4.8,1,798.0
Fitness Workouts,4.633333333333333,3,5901.0
Folklore & Mythology Studies,4.5,3,1819.0
"Food, Drink & Entertaining (Books)",4.4799999999999995,5,8181.0
Football,4.7,1,316.0
Forecasting & Strategic Planning,4.493548387096775,32,15105.0
Foxes & Wolves Fiction for Children,4.4,1,4.0
Free Enterprise,4.65,4,3082.0
French Language Learning,3.0,2,2.0
French Literature,4.4,2,2566.0
Freudian Theory,4.32,5,2212.0
Friendship Fiction,4.5,1,520.0
Future Studies,4.58,5,6112.0
Games & Quizzes (Books),4.4,1,890.0
Gardening & Landscape Design,4.0,1,125.0
Gardening Techniques,4.8,1,277.0
Gastrointestinal Diseases,4.699999999999999,2,2123.0
Gastronomy,4.4,2,1015.0
Gender Issues,4.6,2,101.0
Genetic Diseases,4.6,1,1574.0
Genetics,4.55,2,2290.0
Geology,4.550000000000001,2,1170.0
Geopolitics,4.65,2,1246.0
German History,4.6,2,2249.0
German Language Learning,5.0,1,1.0
Ghost Horror Fiction,4.0,1,1323.0
Globalisation,4.533333333333333,3,1756.0
Globalisation Money & Finance,4.45,2,1052.0
Gothic Horror Fiction,4.4,1,334.0
Graduate School Test Preparation,4.5,1,1502.0
Graphic Design,4.1,1,110.0
Graphics & Design,4.7,1,680.0
Greek & Roman Fairy Tales for Children,4.7,3,11902.0
Greek & Roman Philosophy,4.5,4,4269.0
Grief & Loss,4.4714285714285715,7,29002.0
Hard Science Fiction,4.675,4,38944.0
Hard-Boiled Mysteries,4.6,2,2285.0
Healthy Living & Wellness,4.430000000000001,32,42701.0
Higher & Continuing Education,4.5,1,198.0
Hindu Biographies,4.5,2,8.0
Hindu Rituals & Practices,4.8,1,627.0
Hindu Sacred Writings,4.55,6,2284.0
Hinduism,4.2105263157894735,20,4930.0
Hinduism (Books),4.4,14,3738.0
Hinduism for Children,4.5,1,484.0
Historical Action & Adventure for Children,4.75,4,588.0
Historical Biographies,4.473333333333333,16,16686.0
Historical Biographies for Children,4.8,1,387.0
Historical Fantasy,4.4799999999999995,5,28305.0
Historical Fantasy for Teens,4.566666666666666,3,1032.0
Historical Fiction,4.339583333333334,48,101372.0
Historical Fiction (Books),4.20952380952381,22,43507.0
Historical Fiction for Children,4.9,1,169.0
Historical Fiction for Teens,4.6,4,6058.0
Historical Mysteries,4.15,2,2240.0
Historical Romance,4.6,1,98.0
Historical Thrillers,4.15,4,3013.0
History,4.6,5,8557.0
History & Culture for Teens,4.199999999999999,2,118.0
History (Books),4.585714285714286,9,13202.0
History of Christianity,4.7,1,1855.0
History of Civilization,4.433333333333334,6,24672.0
History of Civilization & Culture,4.533333333333333,3,2518.0
History of Exploration for Children,4.8,1,851.0
History of Hinduism,4.699999999999999,2,440.0
History of Ideas,4.7,2,36.0
History of Judaism,4.55,2,3547.0
History of Psychology,4.5,2,1194.0
History of Religion,4.516666666666667,6,1763.0
History of Science,4.5,4,2497.0
History of Technology,4.0,1,96.0
History of the Americas,4.6,2,828.0
Hoax & Deception True Crime,4.4,1,287.0
Holocaust,4.4,1,12997.0
Home & House Maintenance,4.6,2,22171.0
Homeschooling,4.8,1,2350.0
Horror (Books),4.233333333333333,6,14028.0
Horror Fiction,4.466666666666667,6,14036.0
Horror Fiction for Teens,4.7,1,397.0
Human Geography,4.25,2,2807.0
Human Rights,4.35,2,272.0
Human Sexuality Psychology,4.525,4,677.0
Humanistic Psychology,4.7,1,75.0
Humor for Children,4.8,1,208.0
Humorous Fantasy,4.5,1,2496.0
Humorous Fiction,4.502380952380952,24,15584.0
Humorous Fiction for Children,4.533333333333333,15,49021.0
Humour (Books),4.576923076923077,15,8256.0
Immune Systems & Autoimmune Diseases,4.4,1,202.0
Imperialism,4.5,2,628.0
Indian History,4.444444444444445,18,7402.0
Indian History (Books),4.340000000000001,5,292.0
Indian Literature,4.29,21,13786.0
Industrial Engineering,4.459999999999999,5,2181.0
Industries,4.516666666666667,12,3317.0
Infertility,4.6,1,71.0
Inflation,4.7,1,87.0
Injuries & Rehabilitation,4.7,1,90.0
Insurance,4.4,1,49.0
Intelligence & Espionage,4.65,2,1970.0
Interest,4.2,1,443.0
Interior Design,4.3,1,1394.0
International Business,4.6499999999999995,6,5264.0
International Diplomacy,4.633333333333333,3,1368.0
International Economics,4.449999999999999,2,608.0
International Mystery & Crime,4.3625,8,32683.0
International Relations,4.4,1,28.0
International Relations & Globalization,5.0,1,2.0
International Trades & Tariffs,4.5,1,57.0
Internet & Social Media (Books),4.4799999999999995,5,1641.0
Investing & Trading,4.470370370370371,29,42760.0
Investing & Trading Commodities,4.5,2,537.0
Investing & Trading Options,4.35,2,146.0
Investing Analysis & Strategy,4.433333333333334,6,4926.0
Islam (Books),4.766666666666667,4,3352.0
Islamic Biographies,4.85,2,949.0
Israel & Palestine History,4.566666666666666,3,1307.0
Italian History,4.6,1,545.0
Japanese Language Learning,,1,0.0
Jewish Literature,4.7,1,17578.0
Journalism Books,4.7,1,3069.0
Judaism,4.7,1,605.0
Judaism (Books),4.575,4,1703.0
Judicial Systems,4.1,1,137.0
Jungian Psychology,4.4,2,524.0
LGBT Biographies,4.550000000000001,2,642.0
LGBT Historical Fiction,4.6,1,103.0
LGBT Literature & Fiction for Teens,4.699999999999999,2,239.0
LGBT Romance,4.4,1,74.0
LGBT Studies,4.7,1,5.0
LGBT Thrillers & Suspense,4.4,1,3613.0
Labor & Industrial Relations,3.8,2,445.0
Labour & Industrial Relations,3.4,1,2.0
Language Learning,4.75,3,813.0
Language Learning & Teaching,4.425,13,746.0
"Language, Linguistics & Writing (Books)",3.0,1,2.0
Latino American Literature,4.4,2,1522.0
Law,4.4,4,224.0
Law Biographies,4.3,3,2364.0
Law History,5.0,1,1.0
Leadership,4.525,77,52222.0
Legal Thrillers,4.5,5,3557.0
Lifestyle & Personal Style Guides (Books),4.666666666666667,3,4725.0
Light Novels (Ranobe) for Teens,4.9,1,496.0
Linguistics,3.825,4,837.0
Linguistics (Books),4.633333333333334,3,998.0
"Lions, Tigers & Leopards Fiction for Children",5.0,1,2.0
Literary Criticism for Children,4.15,4,721.0
Literary Essays,4.431578947368421,19,10631.0
Literary Fiction,4.314285714285714,70,194694.0
Literary Fiction for Teens,4.4,1,3550.0
Literary History & Criticism,4.5,16,10080.0
"Literary Theory, History & Criticism",4.5,10,1943.0
Literature & Fiction,4.4,16,34103.0
Literature & Fiction (Books),4.426470588235294,19,12201.0
Literature & Fiction for Children,4.50625,18,19530.0
Literature & Fiction for Teens,4.1,1,47.0
Literature Anthologies,4.414285714285714,14,4737.0
Logic & Language Philosophy,4.5,2,508.0
Long-Term & Elder Care,4.5,1,201.0
Love & Romance,4.6454545454545455,12,23717.0
Low Carb Diets,4.6,1,1095.0
Machine Theory & AI,4.3,8,1919.0
Macroeconomics,4.5,2,1197.0
Macroeconomics (Books),4.6000000000000005,3,1443.0
Magical Realism Fiction,4.4799999999999995,5,4310.0
Marathon & Running,4.6,2,5389.0
Marketing,4.5103448275862075,30,20894.0
Marriage,4.633333333333334,6,18966.0
Martial Arts,4.9,1,149.0
Martial Arts (Books),4.9,1,149.0
Mathematics,4.477777777777778,9,6675.0
Media Studies,4.5,2,303.0
Medical Biographies,4.45,3,942.0
Medical Ethics,4.65,2,1978.0
Medicine History & Commentary,4.366666666666666,3,3019.0
Medieval European History,4.6,1,1232.0
Meditation,4.613157894736842,42,31966.0
Meditation (Books),4.66,11,16324.0
Meetings & Presentations,4.616666666666666,6,8900.0
Memory Improvement,4.3999999999999995,6,4581.0
Mental & Spiritual Healing,4.533333333333333,9,4116.0
Mental Health,4.646153846153846,13,13719.0
Mentoring & Coaching,4.6,8,6672.0
Metaphysical & Visionary Fiction,4.433333333333334,3,29773.0
Metaphysics,4.433333333333334,3,1133.0
"Mice, Hamsters, Guinea Pigs & Squirrels Fiction for Children",4.3,3,39.0
Microeconomics,4.5,1,1166.0
Microeconomics (Books),4.428571428571429,7,4433.0
Middle Eastern History,4.55,2,543.0
Middle Eastern History (Books),4.4875,8,5442.0
Military & War Biographies,4.6000000000000005,3,847.0
Military Fantasy,4.366666666666666,3,10957.0
Military History,4.66,5,2440.0
Military History (Books),4.42,5,894.0
Military Intelligence & Espionage,4.6,1,458.0
Military Science,4.4,1,97.0
Military Strategy,4.15,2,298.0
Military Thrillers,4.5,2,2698.0
"Mind, Body & Spirit",4.5268292682926825,45,63744.0
Modern Philosophy,4.6,1,245.0
Money & Finance,4.566666666666666,3,237.0
Money & Monetary Policy,4.333333333333333,3,1164.0
Money Management,4.6,10,2676.0
Monster Stories for Children,4.7,5,17662.0
Mortgages,4.7,1,243.0
Motherhood,4.633333333333333,3,2194.0
"Movie, TV & Video Game Tie-In Fiction",4.557142857142857,7,29796.0
"Movie, TV & Video Game Tie-ins for Teens",4.65,2,4766.0
Multicultural Fiction for Teens,4.4,1,12.0
Multicultural Romance,4.433333333333334,6,7121.0
Murder True Crime,4.449999999999999,2,4779.0
Music Books,4.25,6,4597.0
Music Instruction & Technique,4.1000000000000005,3,731.0
Mutual Funds,4.3,1,42.0
Mysteries,4.469230769230769,13,48802.0
Mysteries for Children,4.6000000000000005,4,611.0
Mystery & Detective Fiction for Teens,4.58,5,8958.0
Mystery Action Fiction,4.366666666666666,3,3580.0
Mystery Anthologies & Short Stories,4.5,4,2849.0
Mystery Dramatizations,4.4,2,70.0
Mysticism,4.616666666666666,7,3571.0
Mysticism (Books),4.64,5,1408.0
Mythology & Folklore Encyclopedias,4.6,1,1592.0
Myths & Legends for Teens,4.35,2,83.0
"Myths, Legends & Sagas",4.433333333333333,7,5812.0
Native American Demographic Studies,4.8,1,1954.0
Native American History,4.8,1,1954.0
Natural History,4.6,2,1109.0
Nature & Ecology,4.3,1,374.0
Naturopathy,4.46,5,2564.0
Negotiating,4.58,10,14175.0
Network Administration,4.3,3,146.0
Neuro-Linguistic Programming,4.375,4,1074.0
Neuroscience & Neuropsychology,4.5375,16,6848.0
New Business Enterprises,4.54,15,8302.0
New Testament Bible Study,4.9,1,371.0
New Thought Spirituality,4.573333333333333,16,29062.0
Noir Fiction,4.9,1,17.0
Non-Profits & Charities,4.725,4,1135.0
Nonfiction Chapter Books for Children,4.8,1,74.0
Nonfiction Intermediate Readers for Children,4.8,1,74.0
Nonfiction on Emotions & Feelings for Children,4.6000000000000005,3,375.0
Nonfiction on Friendship for Children,4.65,2,132.0
Norse Fairy Tales for Children,4.8,1,208.0
Nuclear Warfare,4.6,1,202.0
Nursing,4.7,1,404.0
Obsessive Compulsive Disorder,4.7,1,703.0
Occult & Paranormal,4.2,3,1254.0
Occult Horror Fiction,4.9,1,496.0
Occupational & Organisational Psychology,4.628571428571428,7,4697.0
Organisational Behaviour,4.580952380952381,21,19454.0
Organised Crime,4.7,1,914.0
"Other Religions, Practices & Sacred Texts",4.471428571428571,7,21113.0
Out-of-Body Experiences,4.6,1,825.0
Outdoor Survival Skills (Books),4.550000000000001,2,5321.0
PC & Video Games (Books),4.7,2,800.0
PTSD,4.8,1,8278.0
Pain Management,4.6,2,2389.0
Painting (Books),4.6,3,6771.0
Palaeontology,4.7,1,968.0
Paranormal & Supernatural Fantasy for Children,4.6,1,430.0
Paranormal & Supernatural Fiction for Teens,4.7,1,3620.0
Paranormal Fantasy,4.533333333333333,3,1238.0
Paranormal Fantasy for Teens,4.7,1,3620.0
Paranormal Romance,4.8,2,544.0
Paranormal Romance for Teens,4.7,1,3620.0
Parapsychology,4.55,2,1193.0
Parent & Adult Children Relationships,4.8,2,1535.0
Parenting,4.675,4,584.0
Parenting Infants & Toddlers,4.659999999999999,5,12728.0
Parenting School-Age Children,4.8,1,2940.0
Parenting Special Needs Children,4.65,2,391.0
Parenting Teenagers,4.6,2,811.0
Personal Development,4.569230769230769,13,11481.0
Personal Development & Self-Help,4.403333333333333,156,125527.0
Personal Finance,4.328947368421052,42,54867.0
Personal Success,4.474418604651163,200,220309.0
Personal Success in Business,4.563157894736842,21,13669.0
Personality Disorders,4.5,1,526.0
Pets & Animal Care (Books),4.566666666666666,3,3022.0
Pets Fiction for Children,4.8,1,508.0
Pharmacology,4.4,1,503.0
Philanthropy & Charity,4.55,2,2366.0
Philosopher Biographies,4.4,1,35.0
Philosophy,4.5285714285714285,17,20076.0
Philosophy & Science,4.541666666666667,12,7530.0
Philosophy History,4.5,7,7561.0
Philosophy Movements,4.5375,8,7874.0
Philosophy of Society,4.6000000000000005,3,1260.0
Physical Illness & Disease,4.633333333333333,3,3472.0
Physician & Patient,4.75,2,2168.0
Physics,4.505263157894737,22,22078.0
Pigs Fiction for Children,4.5,1,87.0
Plays,3.0,2,1.0
Playwriting,4.5,1,209.0
Poetry,4.35,11,2253.0
Poetry (Books),4.375,9,937.0
Police Procedural Mysteries,4.5200000000000005,6,16790.0
Political Advocacy & Activism,4.6,1,1415.0
Political Biographies for Children,4.8,1,387.0
Political Campaigns & Elections,3.9,1,127.0
Political Corruption & Misconduct,4.5,1,706.0
Political Fiction,4.34,5,29383.0
Political Freedom & Security,4.566666666666666,3,102.0
Political Freedom & Security (Books),4.6,1,316.0
Political Ideologies & Doctrines,4.4,1,357.0
Political Philosophy,4.533333333333333,9,9081.0
Political Science,4.371428571428572,9,1136.0
Political Science History & Theory,4.454545454545454,11,11578.0
Political Structure & Processes,3.9,3,1287.0
Political Theory,4.42,5,8730.0
Political Thrillers,4.25,4,2474.0
Politics,4.3,5,3678.0
Politics & Government,4.3,1,32.0
Popular Culture Studies,4.39,10,5750.0
Pornography Studies,4.8,1,104.0
Post-Apocalyptic Science Fiction,4.6,2,6265.0
Postgraduate School Education,4.5,1,1502.0
Poverty & Homelessness Studies,4.5,2,131.0
Power Resource Engineering,3.9499999999999997,2,346.0
Pregnancy & Childbirth,4.6,2,5324.0
Primary Education,4.8,1,2940.0
Privacy & Surveillance Studies,4.6,1,4937.0
Private Investigator Mysteries,4.4399999999999995,5,14983.0
Programming,4.35,2,1220.0
Project Management,4.183333333333334,6,606.0
Psychological Fiction,4.341666666666667,12,28678.0
Psychological Thrillers,4.347368421052631,19,128768.0
Psychology,4.373170731707317,48,57404.0
Psychology Movements,4.550000000000001,2,323.0
Public Finance,4.550000000000001,2,145.0
Public Health,4.65,2,3392.0
Public Relations,4.3,1,965.0
Public Speaking,4.4,8,3257.0
Public Speaking Reference,4.4,1,99.0
Quran,4.6,2,2403.0
Racism & Discrimination Studies,4.64,5,15681.0
Railroad Engineering,4.4,1,258.0
Railroad Travel,4.4,1,258.0
Real Estate Investing & Finance,4.55,2,984.0
Real Estate Investments,4.65,2,2087.0
Regency Romance,4.514285714285714,8,15475.0
Reincarnation,4.6,1,825.0
Relationships,4.523809523809524,21,50290.0
Religion & Philosophy,4.666666666666667,4,4105.0
Religion & Sociology,4.633333333333334,3,6803.0
Religion & Spirituality,3.4166666666666665,8,412.0
Religion & Spirituality (Books),3.7,6,1168.0
Religion For Children,4.7,1,128.0
Religious & Spiritual Fiction,4.5,8,5687.0
Religious Cults,4.6,1,371.0
Religious Ethics,4.75,2,256.0
Religious History,4.433333333333334,6,2585.0
Reptiles & Amphibians Fiction for Children,2.7,1,3.0
Retirement Planning,4.633333333333334,3,2434.0
Revolution Histories,4.3,1,2232.0
Romance,4.428571428571429,14,10816.0
Romance (Books),4.476315789473684,42,72138.0
Romance Anthologies & Short Stories,3.7,1,273.0
Romance for Teens,4.7,1,2310.0
Romantic Comedy,4.371428571428572,14,38237.0
Romantic Comedy for Teens,4.8,1,150.0
Romantic Suspense,4.411111111111111,9,15962.0
Rome,4.2,2,2042.0
Running & Jogging,4.5,1,283.0
Russian History,4.4,1,76.0
Russian Literature,4.7,2,2772.0
Satire Fiction,4.425,5,9028.0
Scary Stories for Children,4.6,2,3594.0
"Sci-Fi Movie, TV & Video Game Tie-Ins for Teens",4.7,1,2244.0
Science,4.233333333333333,10,10112.0
Science Fiction,4.666666666666667,7,8348.0
Science Fiction (Books),4.480555555555555,19,52492.0
Science Fiction Anthologies & Short Stories,4.35,2,1268.0
Science Fiction Dramatisations,4.6,1,398.0
"Science Fiction Movie, TV & Video Game Tie-Ins",4.65,4,4168.0
Science Fiction Romance for Teens,4.4,1,436.0
Science Fiction for Teens,4.7,1,523.0
"Sciences, Technology & Medicine (Books)",4.45,6,5572.0
Screenwriting,4.5,1,209.0
Self-Esteem,4.504347826086956,23,24708.0
Self-Hypnosis,4.7,4,410.0
Serial Killers True Crime,4.6,1,3731.0
Sex Instruction,4.466666666666666,3,566.0
Sexual Abuse & Harassment,4.8,2,2030.0
Sexual Addiction,4.8,1,104.0
Shakespeare Plays,,2,0.0
Short Stories (Books),4.29,20,3492.0
Sleep Disorders,4.575,8,6181.0
Small Businesses,4.416666666666667,18,17254.0
Small Town & Rural Fiction,4.525,8,10921.0
Smoking & Tobacco,4.25,2,2393.0
Soccer (Books),4.7,1,316.0
Social Classes & Economic Disparity,4.65,2,1049.0
Social Media,4.46,5,2598.0
Social Psychology,4.4875,9,9950.0
Social Sciences,4.4125,12,3449.0
Social Scientist & Psychologist Biographies,4.7,2,4019.0
Social Theory,4.4,1,900.0
Social Work,4.8,1,55.0
Society & Culture (Books),4.495238095238095,23,16959.0
Society & Social Sciences,4.6000000000000005,3,1352.0
Sociology,4.41,13,3490.0
Sociology of Death & Dying,4.6,2,12574.0
Sociology of Sports,4.5,1,285.0
Sociology of Urban Areas,4.65,2,195.0
Software Architecture,4.5,1,453.0
Software Development & Engineering,4.3999999999999995,3,1673.0
Southern African History,4.5,1,186.0
Southern United States Literature,4.35,2,377.0
Space Exploration Science Fiction,4.5,1,3748.0
Space Opera Sci-Fi for Teens,4.7,1,2244.0
Space Opera Science Fiction,4.55,4,8450.0
Spanish Language Learning,5.0,3,1.0
Special Education,4.6,1,235.0
Special Forces Military History,4.699999999999999,2,1948.0
Speech,4.2,1,1049.0
Spelling Reference,4.9,1,19.0
Spiritual Channelling,4.8,1,204.0
Spiritualism,4.52,15,8290.0
Spirituality,4.678571428571429,17,13298.0
Spirituality (Books),4.693333333333333,19,18646.0
Spirituality of Dreams,4.6,1,376.0
Sporting Events & Organisations (Books),4.0,1,621.0
Sports & Outdoors,4.8,3,1093.0
Sports (Books),4.6,2,683.0
Sports Biographies,4.325,8,1558.0
Sports Fiction,4.62,5,6275.0
Sports Fiction for Children,4.7,1,1147.0
Sports Psychology,4.6,2,1561.0
Sports Romance,4.4,1,469.0
Sports Training & Coaching (Books),4.4,3,358.0
Stocks,4.341666666666667,12,5507.0
Stories About Toys for Children,4.7,1,900.0
Stories in Verse for Children,4.8,3,15989.0
Stress Management,4.614814814814815,27,42193.0
Study Guides,4.5,2,198.0
Study Guides & Test Preparation,4.4,1,38.0
Study Skills,4.6,1,925.0
Study of Customs & Traditions,4.45,2,272.0
Superhero Fantasy,5.0,2,7.0
Superhero Fiction for Teens,5.0,2,7.0
Supernatural Thrillers,4.5,1,651.0
Supernaturalism,4.5,2,542.0
Survival Stories for Children,4.65,2,1380.0
Survival Stories for Teens,4.55,2,25245.0
Suspense,4.429411764705883,34,150330.0
Sustainable & Green Living,4.699999999999999,2,405.0
Sustainable Development,4.6,1,706.0
Sword & Sorcery Fantasy,4.1,1,270.0
Taoism,4.6,2,988.0
Technology & Society,4.477777777777778,9,3303.0
Technothrillers,4.46,5,8440.0
Teen & Young Adult,4.633333333333334,3,6731.0
Tennis,4.7,2,1632.0
Tennis (Books),4.7,2,1632.0
Terrorism,4.475,4,2408.0
Textbooks & Study Guides,4.429702970297029,119,88336.0
Theater & Ballet,4.6,3,591.0
Theology,4.7,1,330.0
Theology & Philosophy of Religion,4.475,4,2169.0
Theory & Criticism,4.8,1,6.0
Theory & Philosophy,4.574999999999999,4,953.0
Theravada Buddhism,4.65,2,166.0
Thriller & Suspense Dramatizations,4.7,1,47.0
Thriller & Suspense Stories for Children,4.8,1,502.0
Thrillers & Suspense,4.4,1,698.0
Thrillers & Suspense for Teens,4.725,5,4737.0
Tibetan Buddhism,4.7,6,5625.0
Time Management,4.425,10,2563.0
Time Management & Productivity,4.468181818181818,23,9120.0
Time Travel Fiction for Teens,4.6,1,16.0
Time Travel Science Fiction,4.5,2,1639.0
Time Travel Science Fiction for Children,4.5,1,3719.0
Traditional Detective Mysteries,4.2749999999999995,9,7323.0
Transportation & Automotive (Books),4.6,1,263.0
Travel & Tourism,4.4,1,13808.0
Travel & Tourism (Books),4.5,1,255.0
Travel Writing & Commentary,4.25,4,3307.0
Travel Writing (Books),4.533333333333334,3,5380.0
Triathlon,5.0,1,6.0
Triathlon (Books),5.0,1,6.0
True Accounts (Books),4.5125,8,14641.0
True Crime,4.449999999999999,2,1131.0
Tudor & Elizabethan History,4.6,1,23.0
Twelve-Step Programmes,4.6,1,81.0
US State & Local History,4.7,1,1007.0
Unexplained Mysteries,4.3500000000000005,6,4345.0
United States History,4.5285714285714285,8,8029.0
United States History (Books),4.5,7,4404.0
United States History for Children,4.65,2,425.0
United States Immigrant History,4.8,1,3504.0
United States Literature,4.0,4,168.0
United States Politics & Government,4.428571428571429,8,4207.0
Urban Fantasy,4.7,1,3370.0
Urban Fiction,4.444444444444445,9,17021.0
Vigilante Fiction,4.5,1,5134.0
Violence in Society,4.575,4,1439.0
Vision & Eye Problems,4.5,1,201.0
Vitamins & Supplements,4.7,1,1183.0
Vocabulary,4.233333333333333,3,42.0
Vocabulary Books,4.9,1,19.0
War & Military Action Fiction,4.7,1,1050.0
War & Military Fiction,4.571428571428571,7,70376.0
Weight Loss Diets,4.546666666666667,15,12973.0
White Collar & Corporate True Crime,4.550000000000001,2,4966.0
Wicca,4.7,1,1227.0
Witchcraft,4.7,1,1227.0
Women Biographies,4.458333333333333,12,65805.0
Women Biographies for Children,4.8,1,851.0
Women History,4.65,2,311.0
Women Sleuth Mysteries,4.275,4,7362.0
Women in Business,4.5,2,5748.0
Women in Politics,,1,0.0
Women's Christian Living,4.7,2,53.0
Women's Fiction,4.417241379310345,29,170828.0
Women's Studies,4.416666666666667,12,8305.0
"Words, Language & Grammar",4.3999999999999995,11,5775.0
Workplace Culture,4.5625,24,16452.0
World History,4.5928571428571425,16,7735.0
World Literature,4.381818181818182,11,10181.0
World War II Historical Fiction,4.65,2,42298.0
World War II History,4.566666666666666,6,8108.0
Writing Guides (Books),4.666666666666667,3,1935.0
"Writing, Research & Publishing Guides",4.4,1,378.0
Yoga,4.65,2,476.0
Zen Buddhism,4.583333333333333,6,3527.0
