Book Name,Author,Rating,Rating_Filled,Number of Reviews,Log Reviews,Price,Description,Genre,Ranks and Genre,Audible Rank,Listening Time,Listening Time Minutes,Data_Source,Has_Description,Has_Genre,Has_Listening_Time,Book_Name_Key,Author_Key
Awaking Wonder: Opening Your Child's Heart to the Beauty of Learning,Sally Clarkson,5.0,5.0,209.0,5.3471075307174685,586.0,Unknown,Unknown,Unknown,,Unknown,,Catalog Only,0,0,0,awaking wonder: opening your child's heart to the beauty of learning,sally clarkson
F*cking History: 111 Lessons You Should Have Learned in School,The Captain,5.0,5.0,185.0,5.225746673713202,754.0,"History that doesn't suck: Smart, crude, and hilariously relevant to modern life.",Love & Romance | Humour (Books) | Family & Relationships,",#152 in Audible Audiobooks & Originals (See Top 100 in Audible Audiobooks & Originals),#1 in Love & Romance,#45 in Humour (Books),#70 in Family & Relationships",152.0,4 hours and 7 minutes,247.0,Both,1,1,1,f*cking history: 111 lessons you should have learned in school,the captain
"Raven’s Hart: Haven Hart Series, Book 7",Davidson King,5.0,5.0,37.0,3.6375861597263857,586.0,"Haven Hart stands on the edge of good and evil. Having balance between the two is the only thing keeping the town from crumbling to the ground. For years, one man has been charged with maintaining that balance - Poe.",Unknown,Unknown,,Unknown,,Both,1,0,0,"raven’s hart: haven hart series, book 7",davidson king
The Fish Who Found the Sea,Alan Watts,5.0,5.0,30.0,3.4339872044851463,258.0,Unknown,Unknown,Unknown,,Unknown,,Catalog Only,0,0,0,the fish who found the sea,alan watts
Stop Making Sense: The Art of Inspiring Anybody,Michael J. Fanuele,5.0,5.0,28.0,3.367295829986474,844.0,Unknown,Unknown,Unknown,,Unknown,,Catalog Only,0,0,0,stop making sense: the art of inspiring anybody,michael j. fanuele
The Book of Esports: The Definitive Guide to Competitive Video Games,William Collis,5.0,5.0,25.0,3.258096538021482,586.0,Unknown,Unknown,Unknown,,Unknown,,Catalog Only,0,0,0,the book of esports: the definitive guide to competitive video games,william collis
The Master Key System Audiobook - All 28 Parts,Charles F. Haanel,5.0,5.0,21.0,3.091042453358316,668.0,Unknown,Unknown,Unknown,,Unknown,,Catalog Only,0,0,0,the master key system audiobook - all 28 parts,charles f. haanel
"Energy Healing for Trauma, Stress & Chronic Illness: Uncover & Transform the Subtle Energies that Are Causing Your Greatest Hardships",Cyndi Dale,5.0,5.0,17.0,2.8903717578961645,703.0,"Combining insights from mainstream science, psychology, and subtle healing modalities, this book provides a truly holistic approach to recovery. Renowned author and spiritual healer Cyndi Dale shares an impressive array of techniques for resolving challenging energetic and spiritual issues. Trauma and pain caused by environmental, physical, psychological, and spiritual forces can have major effects on every aspect of your life. Join Cyndi as she shows how to align with spirit guides, work with the chakras, locate hidden inner wounds, release other peoples' energies, and much more. You will also discover information related to the vagus nerve, mast cells, epigenetics, psychoneuroimmunology, and transgenerational inheritance so that you will have a deep understanding of the physical processes that are affected by energetic and emotional trauma.",Chakras | Stress Management | Spirituality (Books),",#3,474 in Audible Audiobooks & Originals (See Top 100 in Audible Audiobooks & Originals),#1 in Chakras,#44 in Stress Management,#601 in Spirituality (Books)",3474.0,10 hours and 11 minutes,611.0,Both,1,1,1,"energy healing for trauma, stress & chronic illness: uncover & transform the subtle energies that are causing your greatest hardships",cyndi dale
"Naked and Unafraid: 5 Keys to Abandon Smallness, Overcome Criticism, and Be All You Are Meant to Be",Kevin Gerald,5.0,5.0,17.0,2.8903717578961645,500.0,"It's time to live a vulnerable and expansive life, to not let self-criticism or the criticism of others determine who you are or what you do.",Unknown,Unknown,,Unknown,,Advanced Only,1,0,0,"naked and unafraid: 5 keys to abandon smallness, overcome criticism, and be all you are meant to be",kevin gerald
Coming Home to Yourself: A Meditator's Guide to Blissful Living,Osho,5.0,5.0,16.0,2.833213344056216,754.0,"A beautiful collection of mindfulness exercises for grounding, relaxation, and finding inner peace, from legendary spiritual guru Osho.",Meditation | Spirituality (Books) | Meditation (Books),",#4,193 in Audible Audiobooks & Originals (See Top 100 in Audible Audiobooks & Originals),#98 in Meditation (Audible Audiobooks & Originals),#727 in Spirituality (Books),#755 in Meditation (Books)",4193.0,4 hours and 4 minutes,244.0,Both,1,1,1,coming home to yourself: a meditator's guide to blissful living,osho
From a Mountain in Tibet: A Monk’s Journey,Lama Yeshe Losal Rinpoche,5.0,5.0,15.0,2.772588722239781,888.0,Unknown,Unknown,Unknown,,Unknown,,Catalog Only,0,0,0,from a mountain in tibet: a monk’s journey,lama yeshe losal rinpoche
Discover Your True North: Expanded and Updated Edition,Bill George,5.0,5.0,14.0,2.70805020110221,836.0,"The leadership classic, Discover Your True North, expanded for today's listeners.",Leadership | Analysis & Strategy,",#2,743 in Audible Audiobooks & Originals (See Top 100 in Audible Audiobooks & Originals),#121 in Leadership,#4,383 in Analysis & Strategy",2743.0,10 hours and 3 minutes,603.0,Both,1,1,1,discover your true north: expanded and updated edition,bill george
Selling Technology the Sandler Way: Finding Technical Solutions That Win Long-Term Business Relationships,Rich Chiarello,5.0,5.0,12.0,2.5649493574615367,586.0,"Rich Chiarello offers sales teams tasked with selling technical solutions a proven program for success, based on the Sandler Selling System. He shows salespeople how to identify the most pressing business problem that their tool, application, or platform solves - and how to create a joint project plan that delivers value for both buyer and seller.",Forecasting & Strategic Planning | Engineering & Technology (Books) | Analysis & Strategy,",#3,543 in Audible Audiobooks & Originals (See Top 100 in Audible Audiobooks & Originals),#65 in Forecasting & Strategic Planning,#1,744 in Engineering & Technology (Books),#5,828 in Analysis & Strategy",3543.0,3 hours and 3 minutes,183.0,Both,1,1,1,selling technology the sandler way: finding technical solutions that win long-term business relationships,rich chiarello
"Fighting for You: Bragan University Series, Book 2",Gianna Gabriela,5.0,5.0,11.0,2.4849066497880004,586.0,Jesse Falcon has dedicated his life to one cause: to fight against that which has taken so much from him.,Sports Fiction | Romance | Romance (Books),",#29,676 in Audible Audiobooks & Originals (See Top 100 in Audible Audiobooks & Originals),#35 in Sports Fiction,#3,180 in Romance (Audible Audiobooks & Originals),#116,918 in Romance (Books)",29676.0,5 hours and 52 minutes,352.0,Both,1,1,1,"fighting for you: bragan university series, book 2",gianna gabriela
Enterprise Agility: Being Agile in a Changing World,Sunil Mundra,5.0,5.0,10.0,2.3978952727983707,703.0,The biggest challenge enterprises face today is dealing with fast-paced change in all spheres of business. Enterprise Agility shows how an enterprise can address this challenge head on and thrive in the dynamic environment.,Unknown,Unknown,,Unknown,,Both,1,0,0,enterprise agility: being agile in a changing world,sunil mundra
Kahlil Gibran's Little Book of Wisdom,Kahlil Gibran,5.0,5.0,10.0,2.3978952727983707,468.0,Unknown,Unknown,Unknown,,Unknown,,Catalog Only,0,0,0,kahlil gibran's little book of wisdom,kahlil gibran
From Mindfulness to Insight: Meditations to Release Your Habitual Thinking and Activate Your Inherent Wisdom,Rob Nairn,5.0,5.0,9.0,2.302585092994046,562.0,Unknown,Unknown,Unknown,,Unknown,,Catalog Only,0,0,0,from mindfulness to insight: meditations to release your habitual thinking and activate your inherent wisdom,rob nairn
The Beasts of Tarzan,Edgar Rice Burroughs,5.0,5.0,9.0,2.302585092994046,656.0,Unknown,Unknown,Unknown,,Unknown,,Catalog Only,0,0,0,the beasts of tarzan,edgar rice burroughs
Exploring Vibrational Medicine,Richard Gerber,5.0,5.0,8.0,2.19722457733622,702.0,Unknown,Unknown,Unknown,,Unknown,,Catalog Only,0,0,0,exploring vibrational medicine,richard gerber
"Return to Black Bear Mountain: Hardy Boys Adventures, Book 20",Franklin W. Dixon,5.0,5.0,8.0,2.19722457733622,305.0,Brother detectives Frank and Joe face the dangers of Black Bear Mountain once again in the 20th book in the thrilling Hardy Boys Adventures series.,Unknown,Unknown,,Unknown,,Both,1,0,0,"return to black bear mountain: hardy boys adventures, book 20",franklin w. dixon
